Station,City,Lat,Lon,Gdd
26,CHEMAINUS,48.94,-123.74,1410.0
40,LAKE COWICHAN,48.83,-124.05,690.0
52,ESQUIMALT HARBOUR,48.43,-123.44,1007.0
55,GALIANO NORTH,48.99,-123.57,1129.0
65,MALAHAT,48.57,-123.53,1135.0
46728,NORTH COWICHAN,48.82,-123.72,1339.0
77,NORTH PENDER ISLAND,48.76,-123.29,1159.0
10943,RACE ROCKS,48.3,-123.53,826.0
87,SAANICHTON CDA,48.62,-123.42,1200.0
93,SALTSPRING ST MARY'S L,48.89,-123.55,1336.0
6810,SATURNA CAPMON CS,48.78,-123.13,1074.0
96,SATURNA ISLAND CS,48.78,-123.04,1149.0
97,SHAWNIGAN LAKE,48.65,-123.63,1283.0
6811,SHERINGHAM POINT,48.38,-123.92,710.0
6812,VICTORIA UNIVERSITY CS,48.46,-123.3,1199.0
114,VICTORIA GONZALES CS,48.41,-123.32,1077.0
51337,VICTORIA INTL A,48.65,-123.43,1195.0
129,WILLIAM HEAD,48.34,-123.54,128.0
138,BALLENAS ISLAND,49.35,-124.16,1136.0
145,CAMPBELL RIVER A,49.95,-125.27,1108.0
152,CAPE MUDGE,50.0,-125.2,1193.0
51678,CHROME ISLAND,49.47,-124.68,1259.0
155,COMOX A,49.72,-124.9,1204.0
160,CORTES ISLAND TIBER BAY,50.07,-124.95,1255.0
161,COURTENAY GRANTHAM,49.76,-125.0,843.0
162,COURTENAY PUNTLEDGE,49.69,-125.03,1149.0
29411,ENTRANCE ISLAND,49.21,-123.81,1140.0
29733,FANNY ISLAND,50.45,-125.99,652.0
173,HERIOT BAY SE,50.1,-125.2,1064.0
51318,NANAIMO A,49.05,-123.87,487.0
192,NANAIMO A,49.05,-123.87,160.0
51319,PORT HARDY A,50.68,-127.37,709.0
45627,QUALICUM BEACH AIRPORT,49.34,-124.39,1165.0
208,QUALICUM R FISH RESEARCH,49.39,-124.62,1086.0
209,QUINSAM RIVER HATCHERY,50.02,-125.3,1056.0
6813,SISTERS ISLAND,49.49,-124.43,1208.0
132,ENTRANCE ISLAND,49.21,-123.81,1014.0
225,ALBERNI ROBERTSON CREEK,49.34,-124.98,304.0
235,CAPE BEALE LIGHT,48.79,-125.22,833.0
244,ESTEVAN POINT,49.38,-126.54,820.0
8040,ESTEVAN POINT CS,49.38,-126.54,705.0
246,GOLD RIVER TOWNSITE,49.78,-126.06,858.0
257,LENNARD ISLAND,49.11,-125.92,733.0
260,NITINAT RIVER HATCHERY,48.86,-124.66,985.0
261,NOOTKA LIGHTSTATION,49.6,-126.62,951.0
262,PACHENA POINT,48.72,-125.1,798.0
266,PORT ALBERNI COX LAKE,49.2,-124.75,688.0
271,QUATSINO,50.53,-127.65,672.0
8045,PORT ALBERNI (AUT),49.32,-124.93,1256.0
8261,SARTINE ISLAND (AUT),50.82,-128.91,414.0
8260,SOLANDER ISLAND (AUT),50.11,-127.94,438.0
276,TAHSIS VILLAGE NORTH,49.93,-126.65,501.0
277,TOFINO A,49.08,-125.77,836.0
283,UCLUELET KENNEDY CAMP,48.95,-125.53,885.0
48888,ZEBALLOS MURAUDE CREEK,50.05,-126.78,1146.0
309,GIBSONS GOWER POINT,49.39,-123.54,1057.0
320,MERRY ISLAND LIGHTSTATION,49.47,-123.91,1290.0
6817,HOWE SOUND - PAM ROCKS,49.49,-123.3,1290.0
45267,PORT MELLON,49.53,-123.5,1190.0
327,POWELL RIVER A,49.83,-124.5,1142.0
45807,POWELL RIVER,49.83,-124.5,1061.0
45788,SECHELT AUT,49.46,-123.72,1171.0
336,SQUAMISH AIRPORT,49.78,-123.16,1309.0
348,WHISTLER,50.13,-122.95,944.0
10901,CAPE ST JAMES,51.94,-131.02,491.0
8062,KINDAKUN ROCKS (AUT),53.32,-132.77,488.0
358,LANGARA,54.26,-133.06,492.0
6819,LANGARA ISLAND RCS,54.26,-133.06,435.0
361,MASSET A,54.0,-132.17,126.0
8064,ROSE SPIT (AUT),54.16,-131.66,619.0
367,SANDSPIT A,53.25,-131.81,822.0
50108,SANDSPIT AIRPORT AUTO,53.25,-131.81,790.0
48648,SANDSPIT,53.25,-131.81,606.0
374,ADDENBROKE ISLAND,51.6,-127.86,830.0
49388,BELLA BELLA,52.19,-128.16,678.0
381,BELLA COOLA A,52.39,-126.6,1186.0
54338,BELLA COOLA AIRPORT,52.39,-126.59,1122.0
383,BOAT BLUFF,52.64,-128.52,860.0
384,BONILLA ISLAND,53.49,-130.64,591.0
8265,BONILLA ISLAND (AUT),53.49,-130.64,261.0
8264,CATHEDRAL POINT (AUT),52.19,-127.47,820.0
6822,CUMSHEWA ISLAND,53.03,-131.6,647.0
387,DRYAD POINT,52.19,-128.11,926.0
389,EGG ISLAND,51.25,-127.84,441.0
393,GREEN ISLAND,54.57,-130.71,359.0
8258,GREY ISLET (AUT),54.58,-130.7,619.0
8259,HERBERT ISLAND (AUT),50.94,-127.63,551.0
6823,HOLLAND ROCK,54.17,-130.36,521.0
395,IVORY ISLAND,52.27,-128.41,733.0
402,KITIMAT TOWNSITE,54.05,-128.63,1100.0
6824,LUCY ISLAND LIGHTSTATION,54.3,-130.61,593.0
409,MCINNES ISLAND,52.26,-128.72,704.0
48693,PRINCE RUPERT,54.29,-130.44,541.0
434,STEWART A,55.94,-129.99,233.0
442,TERRACE PCC,54.5,-128.62,1092.0
51037,TERRACE A,54.47,-128.58,896.0
446,TRIPLE ISLAND,54.29,-130.88,590.0
27121,KITIMAT HATCHERY,54.04,-128.68,558.0
461,EQUITY SILVER,54.2,-126.28,418.0
470,HOUSTON,54.4,-126.67,680.0
48628,SMITHERS,54.83,-127.18,728.0
487,SMITHERS A,54.82,-127.18,839.0
51658,SMITHERS AIRPORT AUTO,54.82,-127.19,845.0
496,TOPLEY LANDING,54.82,-126.16,148.0
450,SUSKWA VALLEY,55.29,-127.17,614.0
43963,OOTSA LAKESKINS LAKE CLIMATE,53.77,-126.0,633.0
536,PEMBERTON AIRPORT CS,50.31,-122.73,1387.0
8092,PUNTZI MOUNTAIN (AUT),52.11,-124.14,940.0
30494,TATLAYOKO LAKE RCS,51.67,-124.4,956.0
574,BURNS LAKE DECKER LAKE,54.38,-125.96,812.0
588,FORT ST JAMES,54.46,-124.29,424.0
51538,FORT ST JAMES AUTO,54.46,-124.29,821.0
596,HORSEFLY LAKE GRUHS LAKE,52.36,-121.36,148.0
616,MCLEESE LAKE FRASERVIEW,52.38,-122.37,300.0
617,MCLEESE LAKE GRANITE MT,52.53,-122.29,350.0
48370,PRINCE GEORGE,53.88,-122.68,732.0
48248,PRINCE GEORGE AIRPORT AUTO,53.89,-122.67,886.0
636,PRINCE GEORGE STP,53.88,-122.77,966.0
48688,QUESNEL,53.03,-122.51,853.0
48108,QUESNEL AIRPORT AUTO,53.03,-122.51,1106.0
650,SPOKIN LAKE 4E,52.18,-121.69,805.0
50820,WILLIAMS LAKE A,52.18,-122.05,858.0
655,VANDERHOOF,54.03,-124.02,1014.0
559,108 MILE HOUSE ABEL LAKE,51.62,-121.26,830.0
50308,ABBOTSFORD A,49.03,-122.36,1390.0
706,AGASSIZ RCS,49.24,-121.76,1421.0
707,AGASSIZ CDA,49.24,-121.76,1338.0
43443,WHISTLER - NESTERS,50.13,-122.95,966.0
45787,BLACKCOMB BASE SLIDING CENTER,50.1,-122.94,737.0
731,BURNABY SIMON FRASER U,49.28,-122.92,210.0
43500,CALLAGHAN VALLEY,50.14,-123.11,730.0
747,CLOVERDALE EAST,49.11,-122.7,1117.0
716,CHILLIWACK R HATCHERY,49.08,-121.7,197.0
49088,DELTA BURNS BOG,49.13,-123.0,1155.0
766,DELTA TSAWWASSEN BEACH,49.01,-123.09,1058.0
43723,FORT LANGLEY TELEGRAPH TRAIL,49.14,-122.55,1301.0
776,HANEY UBC RF ADMIN,49.26,-122.57,1246.0
810,MISSION WEST ABBEY,49.15,-122.27,1321.0
823,N VANC GROUSE MTN RESORT,49.38,-123.08,344.0
6830,PITT MEADOWS CS,49.21,-122.69,1426.0
844,POINT ATKINSON,49.33,-123.26,1243.0
834,PORT MOODY GLENAYRE,49.28,-122.88,399.0
837,RICHMOND NATURE PARK,49.17,-123.09,1360.0
6831,SANDHEADS CS,49.11,-123.3,1171.0
870,SUMAS CANAL,49.11,-122.11,329.0
51357,VANCOUVER SEA ISLAND CCG,49.18,-123.19,1241.0
51442,VANCOUVER INTL A,49.19,-123.18,1198.0
888,VANCOUVER HARBOUR CS,49.3,-123.12,1329.0
6833,WEST VANCOUVER AUT,49.35,-123.19,1320.0
924,WHISTLER ROUNDHOUSE,50.07,-122.95,109.0
925,WHITE ROCK CAMPBELL SCIENTIFIC,49.02,-122.78,1289.0
698,N VAN SEYMOUR HATCHERY,49.44,-122.97,980.0
49588,HOPE A,49.37,-121.5,1231.0
50517,HOPE AIRPORT,49.37,-121.49,1390.0
951,HOPE SLIDE,49.27,-121.23,867.0
27388,LILLOOET,50.68,-121.93,1699.0
51598,LYTTON A,50.22,-121.58,1493.0
44927,LYTTON RCS,50.22,-121.58,1702.0
46027,HEDLEY N,49.36,-120.07,1420.0
27122,JELLICOE,49.67,-120.33,965.0
48369,KELOWNA,49.96,-119.38,1373.0
51117,KELOWNA UBCO,49.94,-119.4,1521.0
10976,KELOWNA MWS0,49.95,-119.4,1163.0
49408,MERRITT,50.11,-120.78,1307.0
1022,MERRITT STP,50.11,-120.8,1362.0
1032,OKANAGAN CENTRE,50.06,-119.45,1574.0
1039,OLIVER STP,49.18,-119.54,872.0
1041,OSOYOOS CS,49.03,-119.44,1815.0
1046,PEACHLAND,49.78,-119.72,1559.0
50269,PENTICTON A,49.46,-119.6,1544.0
1056,PRINCETON A,49.47,-120.51,1240.0
46987,VERNON AUTO,50.22,-119.19,1458.0
1069,VERNON NORTH,50.34,-119.27,1469.0
1070,VERNON SILVER STAR LODGE,50.36,-119.06,246.0
1074,WINFIELD,50.04,-119.42,446.0
6834,PRINCETON CS,49.47,-120.51,1260.0
979,SUMMERLAND CS,49.56,-119.65,1546.0
1091,MIDWAY,49.0,-118.77,1342.0
1100,BILLINGS,49.02,-118.23,1160.0
1105,CASTLEGAR A,49.3,-117.63,1451.0
1106,CASTLEGAR BCHPA DAM,49.34,-117.77,1230.0
1115,DUNCAN LAKE DAM,50.24,-116.97,1150.0
1124,KASLO,49.91,-116.92,1114.0
6840,NAKUSP CS,50.27,-117.82,1263.0
1137,NELSON NE,49.59,-117.21,1306.0
1142,NEW DENVER,50.0,-117.37,1254.0
6839,NELSON CS,49.49,-117.31,1397.0
31067,WARFIELD RCS,49.11,-117.74,1471.0
6838,CRESTON CAMPBELL SCIENTIFIC,49.08,-116.5,1392.0
1095,NELSON RIXEN CREEK,49.51,-117.4,1218.0
50818,CRANBROOK A,49.61,-115.78,1164.0
51818,CRANBROOK AIRPORT AUTO,49.62,-115.79,1166.0
1180,FERNIE,49.49,-115.07,794.0
1186,FT STEELE DANDY CRK,49.52,-115.46,447.0
1194,KIMBERLEY PCC,49.63,-115.96,666.0
1199,KOOTENAY NP WEST GATE,50.63,-116.06,890.0
1207,SPARWOOD,49.75,-114.88,950.0
6842,SPARWOOD CS,49.75,-114.88,948.0
1210,WASA,49.81,-115.63,1040.0
48708,ASHCROFT,50.71,-121.28,1763.0
1237,BLUE RIVER A,52.13,-119.29,985.0
8214,BLUE RIVER CS,52.13,-119.29,986.0
1243,BUFFALO LAKE,51.71,-121.08,767.0
52398,CLEARWATER AUTO,51.65,-120.08,1316.0
51558,CLINTON A,51.27,-121.68,614.0
53638,CLINTON RCS,51.14,-121.5,882.0
1256,CRISS CREEK,51.03,-120.73,723.0
1257,DARFIELD,51.29,-120.18,1345.0
51423,KAMLOOPS A,50.7,-120.45,1638.0
42203,KAMLOOPS AUT,50.7,-120.44,1634.0
1309,100 MILE HOUSE 6NE,51.68,-121.22,828.0
1313,RED LAKE,50.94,-120.8,914.0
1327,SILVER CREEK,50.55,-119.35,1346.0
1340,VAVENBY,51.58,-119.78,1126.0
1216,KAMLOOPS PRATT ROAD,50.63,-120.17,1042.0
6843,SALMON ARM CS,50.7,-119.29,1369.0
1364,GOLDEN A,51.3,-116.98,1073.0
54318,GOLDEN AIRPORT,51.3,-116.98,1074.0
1365,GOLDSTREAM RIVER,51.63,-118.42,1212.0
1367,MICA DAM,52.05,-118.59,637.0
49492,REVELSTOKE A,50.97,-118.18,988.0
49548,REVELSTOKE AIRPORT AUTO,50.96,-118.18,1243.0
6844,YOHO PARK,51.44,-116.34,580.0
1347,YOHO NP OHARA LAKE,51.36,-116.34,240.0
1400,CHETWYND A,55.69,-121.63,938.0
48208,DAWSON CREEK A,55.74,-120.18,702.0
50837,FORT ST. JOHN A,56.24,-120.74,857.0
48870,MACKENZIE,55.3,-123.13,710.0
51517,MACKENZIE AIRPORT AUTO,55.31,-123.14,831.0
1440,SIKANNI CHIEF,57.25,-122.72,187.0
49628,DEASE LAKE A,58.42,-130.03,395.0
50819,FORT NELSON A,58.84,-122.6,986.0
54098,FORT NELSON,58.84,-122.57,1005.0
8248,FORT NELSON UA,58.84,-122.57,976.0
6845,DEASE LAKE (AUT),58.43,-130.03,595.0
1485,ATLIN,59.57,-133.7,578.0
1504,PLEASANT CAMP,59.45,-136.37,698.0
49650,BURWASH A,61.37,-139.04,550.0
51718,BURWASH AIRPORT AUTO BC,61.37,-139.02,561.0
27950,CARMACKS CS,62.12,-136.19,828.0
8964,FARO (AUT),62.21,-133.38,676.0
1556,HAINES JUNCTION,60.77,-137.58,671.0
26869,IVVAVIK NAT. PARK,69.16,-140.15,349.0
27339,MACMILLAN PASS,63.24,-130.04,276.0
27296,MARGARET LAKE,68.8,-140.85,296.0
51426,MAYO A,63.62,-135.87,752.0
1573,MAYO ROAD,60.88,-135.18,316.0
26894,OLD CROW RCS,67.57,-139.84,499.0
8979,ROCK RIVER,66.98,-136.22,309.0
10194,DAWSON,64.06,-139.13,768.0
8985,TESLIN (AUT),60.17,-132.73,628.0
32293,WATSON LAKE (AUT),60.12,-128.83,738.0
50842,WHITEHORSE A,60.71,-135.07,648.0
48168,WHITEHORSE AUTO,60.73,-135.1,639.0
10867,COLVILLE LAKE,67.02,-126.12,425.0
27749,DELINE CS,65.21,-123.43,585.0
31187,DEADMEN VALLEY,61.26,-124.47,699.0
27549,FORT GOOD HOPE CS,66.24,-128.64,858.0
10687,FORT LIARD,60.23,-123.47,1027.0
10902,FORT PROVIDENCE,61.32,-117.6,745.0
8935,FORT RELIANCE (AUT),62.71,-109.17,572.0
41944,FORT SIMPSON CLIMATE,61.76,-121.24,914.0
52780,FORT SIMPSON A,61.76,-121.24,919.0
53119,FORT SMITH A,60.02,-111.96,883.0
41884,FORT SMITH CLIMATE,60.03,-111.93,917.0
10897,HANBURY RIVER,63.6,-105.13,348.0
52600,HAY RIVER A,60.84,-115.78,737.0
41885,HAY RIVER CLIMATE,60.84,-115.78,769.0
10209,INNER WHALEBACKS,61.92,-113.73,286.0
41883,INUVIK CLIMATE,68.32,-133.52,450.0
1674,LAC LA MARTRE,63.13,-117.24,747.0
50717,NORMAN WELLS A,65.28,-126.8,734.0
43004,NORMAN WELLS CLIMATE,65.29,-126.75,761.0
26986,PAULATUK,69.36,-124.08,291.0
26895,RABBIT KETTLE,61.96,-127.21,690.0
26987,TUKTOYAKTUK,69.43,-133.02,267.0
51058,YELLOWKNIFE A,62.46,-114.44,731.0
1635,YOHIN,61.24,-123.74,449.0
10823,LIVERPOOL BAY,69.6,-130.91,230.0
10760,LITTLE CHICAGO,67.18,-130.23,631.0
29451,LUTSELK'E CS,62.42,-110.69,588.0
27608,LINDBURG LANDING,61.13,-122.85,725.0
27610,LOWER CARP LAKE,63.6,-113.86,550.0
27620,TRAIL VALLEY,68.75,-133.5,334.0
42583,BAKER LAKE CLIMATE,64.32,-96.0,274.0
51417,BAKER LAKE A,64.3,-96.08,295.0
50657,BATHURST INLET,66.84,-108.01,323.0
53335,KUGLUKTUK A,67.82,-115.14,260.0
43003,KUGLUKTUK CLIMATE,67.82,-115.14,263.0
53421,CORAL HARBOUR A,64.19,-83.36,157.0
47347,CORAL HARBOUR RCS,64.18,-83.35,163.0
7341,ENNADAI LAKE (AUT),61.13,-100.88,151.0
41576,ARVIAT CLIMATE,61.1,-94.07,176.0
10847,CAM FOUR,68.44,-89.73,113.0
43006,KUGAARUK CLIMATE,68.54,-89.8,178.0
51277,RANKIN INLET A,62.81,-92.11,193.0
52658,SANIKILUAQ,56.54,-79.26,140.0
10826,CROKER RIVER,69.28,-119.22,241.0
27376,LUPIN CS,65.76,-111.25,233.0
53512,CAMBRIDGE BAY A,69.11,-105.14,141.0
32233,CAMBRIDGE BAY GSN,69.11,-105.14,122.0
10828,CAPE PEEL WEST,69.04,-107.82,142.0
53340,TALOYOAK A,69.55,-93.58,117.0
29715,HOLMAN CS,70.76,-117.8,132.0
32232,ABEE AGDM,54.28,-112.97,754.0
46127,ALBERT HALL AGCM,53.11,-111.18,1010.0
46327,ALLIANCE AGCM,52.32,-111.78,791.0
32253,ANDREW AGDM,53.92,-112.28,797.0
46128,BELLSHILL AGCM,52.58,-111.47,813.0
32149,BODO AGDM,52.12,-110.1,863.0
10928,BRETON PLOTS,53.09,-114.44,901.0
47068,BUSBY AGCM,53.93,-113.92,946.0
46470,CADOGAN AGCM,52.33,-110.51,1028.0
1839,CAMROSE,53.05,-112.82,983.0
1840,CAMROSE 2,52.95,-112.8,104.0
30055,CARNWOOD,53.23,-114.65,906.0
32230,CONSORT AGDM,51.94,-110.71,715.0
27212,CORONATION CLIMATE,52.07,-111.45,976.0
47069,CRESTOMERE AGCM,52.73,-113.9,782.0
46730,DELBURNE AGCM,52.18,-113.18,930.0
46731,DEWBERRY AGCM,53.66,-110.59,819.0
30433,DONALDA SOUTH,52.52,-112.35,361.0
46129,EDGERTON AGCM,52.78,-110.43,901.0
27793,EDMONTON INTERNATIONAL CS,53.31,-113.61,997.0
27214,EDMONTON BLATCHFORD,53.57,-113.52,1135.0
30907,EDMONTON NAMAO AWOS A,53.67,-113.47,968.0
50149,EDMONTON INTL A,53.31,-113.58,982.0
51758,EDMONTON VILLENEUVE A,53.67,-113.86,836.0
1870,EDMONTON STONY PLAIN,53.55,-114.11,1077.0
1873,ELK ISLAND NAT PARK,53.68,-112.87,1025.0
1881,FABYAN,52.97,-111.0,918.0
46733,FERINTOSH AGCM,52.74,-112.86,837.0
1884,FORESTBURG PLANT SITE,52.47,-112.12,1104.0
46130,FORESTBURG AGCM,52.55,-112.12,1001.0
1886,FORT SASKATCHEWAN,53.72,-113.18,646.0
46131,GILT EDGE NORTH AGCM,53.07,-110.62,871.0
47074,GLENEVIS AGCM,53.83,-114.54,847.0
46787,HALKIRK AGCM,52.12,-112.16,992.0
46907,HEMARUKA AGCM,51.78,-111.21,971.0
32395,HOLDEN AGDM,53.19,-112.25,796.0
46908,HUGHENDEN AGCM,52.58,-110.78,869.0
32313,KILLAM AGDM,52.85,-111.87,803.0
46909,KESSLER AGCM,52.29,-111.11,840.0
46808,KITSCOTY AGCM,53.35,-110.42,834.0
47088,LEGAL AGCM,54.0,-113.47,762.0
43560,LINDBERGH AGDM,53.94,-110.58,711.0
48550,LLOYDMINSTER,53.31,-110.07,798.0
1920,LLOYDMINSTER A,53.31,-110.07,859.0
46767,MANNVILLE AGCM,53.46,-111.26,945.0
41785,MUNDARE AGDM,53.57,-112.3,671.0
46811,MYRNAM AGCM,53.72,-111.11,747.0
46911,NEW SAREPTA AGCM,53.26,-113.17,867.0
41783,OLIVER AGDM,53.65,-113.35,786.0
47089,RADWAY AGCM,54.0,-112.88,992.0
51898,RANFURLY AUTO,53.42,-111.73,961.0
46812,RIBSTONE SOUTH AGCM,52.59,-110.34,883.0
46132,RIVERCOURSE AGCM,53.02,-110.1,859.0
8712,ROCKY MTN HOUSE (AUT),52.42,-114.91,762.0
46847,ROSALIND AGCM,52.78,-112.43,1039.0
47127,ST. LINA AGCM,54.28,-111.45,772.0
32457,ST. PAUL AGCM,54.01,-111.27,592.0
46887,SEDALIA AGCM,51.59,-110.75,1022.0
1974,SEDGEWICK TOWN,52.78,-111.7,758.0
46848,SHONTS AGCM,53.33,-112.54,656.0
32456,SMOKY LAKE AGDM,54.28,-112.5,883.0
46913,SPONDIN AGCM,51.82,-111.68,751.0
32458,STETTLER AGDM,52.35,-112.6,937.0
46850,THORSBY AGCM,53.22,-113.89,760.0
43581,TOMAHAWK AGDM,53.44,-114.72,863.0
46851,TULLIBY LAKE AGCM,53.66,-110.08,817.0
32459,TWO HILLS AGDM,53.63,-111.68,743.0
32461,VERMILION AGDM,53.34,-110.88,805.0
46852,VIKING AGCM,53.18,-111.73,862.0
27715,VIKING NORTH 3,53.28,-111.77,308.0
47110,VILNA AGCM,54.13,-111.92,776.0
30643,VIOLET GROVE CS,53.14,-115.13,894.0
1977,VEGREVILLE,53.51,-112.1,1077.0
46853,WETASKIWIN AGCM,52.98,-113.44,627.0
27492,EDMONTON STONY PLAIN CS,53.55,-114.11,979.0
10225,ESTHER 1,51.67,-110.21,1120.0
1801,UNIVERSITY OF ALBERTA METABOLIC CENTRE,53.52,-113.53,1080.0
26888,WAINWRIGHT CFB AIRFIELD 21,52.83,-111.1,1049.0
47748,ACADIA VALLEY,51.07,-110.32,1118.0
47787,ATLEE AGCM,50.81,-111.01,990.0
46468,BEISEKER AGCM,51.38,-113.36,1067.0
46469,BIG VALLEY AGCM,52.0,-112.8,816.0
46471,CRAIGMYLE AGCM,51.78,-112.25,955.0
2068,CRAIGMYLE,51.77,-112.28,1017.0
10708,DRUMHELLER EAST,51.45,-112.68,1199.0
47076,HESPERO AGCM,52.31,-114.49,720.0
31409,HUSSAR AGDM,51.18,-112.5,842.0
10906,LACOMBE CDA 2,52.45,-113.76,960.0
43561,LEEDALE AGDM,52.55,-114.47,673.0
46910,LINDEN AGCM,51.62,-113.66,1013.0
32433,MORRIN AGDM,51.66,-112.68,901.0
32453,OLDS AGDM,51.76,-114.08,809.0
31410,OYEN AGDM,51.38,-110.35,807.0
32454,POLLOCKVILLE AGDM,51.13,-111.71,939.0
41784,PRENTISS,52.43,-113.6,817.0
51440,RED DEER REGIONAL A,52.18,-113.89,220.0
32455,SCHULER AGDM,50.31,-110.09,933.0
2144,SIBBALD WESTGARD,51.42,-110.15,1099.0
10907,THREE HILLS,51.77,-113.21,831.0
10105,SUNDRE A,51.78,-114.68,871.0
46729,WIMBORNE AGCM,51.94,-113.59,789.0
47727,AZURE,50.51,-114.01,903.0
31408,BARNWELL AGDM,49.8,-112.3,981.0
46447,BARONS AGCM,50.03,-113.22,1068.0
46467,BASSANO AGCM,50.89,-112.47,1077.0
47747,BLACK DIAMOND,50.71,-114.15,870.0
42703,BLOOD TRIBE AGDM,49.57,-113.05,922.0
10915,BOW ISLAND,49.73,-111.45,1258.0
42723,BOW ISLAND IRRIGATION AGDM,49.87,-111.38,1312.0
31407,BROCKET AGDM,49.62,-113.82,1015.0
2180,BROOKS,50.56,-111.85,1274.0
50430,CALGARY INTL A,51.12,-114.01,1029.0
27211,CALGARY INT'L CS,51.11,-114.0,913.0
26971,CARDSTON,49.2,-113.29,1129.0
49968,CARWAY,49.0,-113.38,877.0
32254,CHAMPION AGDM,50.28,-113.35,1192.0
2224,CLARESHOLM,50.0,-113.64,1177.0
9010,COP UPPER,51.08,-114.22,927.0
42724,ENCHANT AGDM,50.18,-112.43,1058.0
46732,ETZIKOM AGCM,49.55,-111.05,1180.0
42727,FINCASTLE AGDM,49.8,-112.03,1331.0
32257,FOREMOST AGDM,49.48,-111.49,922.0
46734,FORT MACLEOD AGCM,49.79,-113.38,1160.0
47073,GLEICHEN AGCM,50.93,-112.94,1102.0
45647,GRASSY LAKE,49.87,-111.73,1226.0
42728,IRON SPRINGS AGDM,49.9,-112.73,992.0
46807,IRVINE AGCM,49.99,-110.26,1219.0
49268,LETHBRIDGE,49.63,-112.8,996.0
42726,LETHBRIDGE DEMO FARM AGDM,49.68,-112.75,1057.0
48949,MEDICINE HAT,50.02,-110.72,1279.0
30347,MEDICINE HAT RCS,50.03,-110.72,1378.0
46810,MOSSLEIGH AGCM,50.67,-113.35,1039.0
43580,NIER AGDM,51.37,-114.1,717.0
49368,PINCHER CREEK,49.52,-114.0,846.0
27218,PINCHER CREEK CLIMATE,49.52,-114.0,941.0
2295,QUEENSTOWN,50.61,-112.98,1124.0
47767,QUEENSTOWN,50.6,-112.8,970.0
42729,RAYMOND AGDM,49.48,-112.68,986.0
46827,ROLLING HILLS AGCM,50.27,-111.7,1276.0
42731,ROSEMARY AGDM,50.83,-112.05,1129.0
42730,SEVEN PERSONS AGDM,49.92,-110.92,1298.0
46849,STANDARD AGCM,51.23,-112.98,986.0
27200,STAVELY AAFC,50.18,-113.88,883.0
42725,STRATHMORE AGDM,51.03,-113.28,1006.0
2315,TABER,49.79,-112.12,586.0
46914,TRAVERS AGCM,50.3,-112.86,1036.0
10889,VAUXHALL CDA CS,50.05,-112.13,1293.0
43363,WILDCAT HILLS,51.27,-114.72,401.0
31412,WRENTHAM AGDM,49.5,-112.12,687.0
2173,OKOTOKS,50.73,-113.96,1169.0
2174,PICTURE BUTTE WEST,49.87,-112.79,1126.0
32256,DEL BONITA AGDM,49.05,-112.82,841.0
46809,MANYBERRIES AGCM,49.36,-110.68,1103.0
31411,MASINASIN AGDM,49.14,-111.65,1085.0
8804,MILK RIVER,49.13,-112.05,1222.0
10725,ONEFOUR CDA,49.12,-110.47,1273.0
46912,PAKOWKI LAKE AGCM,49.22,-111.13,1175.0
27378,BANFF CS,51.19,-115.55,773.0
50028,BEAVER MINES,49.47,-114.18,859.0
10222,BOW VALLEY,51.08,-115.07,864.0
10890,CROWSNEST,49.63,-114.48,869.0
10223,JASPER WARDEN,52.93,-118.03,955.0
2402,KANANASKIS,51.03,-115.03,852.0
30543,NORDEGG CS,52.49,-116.04,775.0
10665,PEKISKO,50.37,-114.42,751.0
26850,WATERTON PARK GATE,49.13,-113.81,961.0
10104,NAKISKA RIDGETOP,50.94,-115.19,128.0
47047,ATHABASCA AGCM,54.63,-113.38,959.0
32231,ATMORE AGDM,54.78,-112.83,807.0
30641,BARRHEAD CS,54.09,-114.45,1007.0
2485,BRULE BLACK CAT,53.35,-117.87,567.0
51899,CAMPSIE AUTO,54.13,-114.68,960.0
31414,DAPP AGDM,54.32,-113.95,748.0
48948,EDSON,53.58,-116.47,690.0
27213,EDSON CLIMATE,53.58,-116.45,871.0
2513,ENTWISTLE,53.6,-114.98,703.0
54358,EVANSBURG2 AGCM,53.61,-115.06,955.0
47128,FORT ASSINIBOINE AGCM,54.41,-114.77,781.0
27216,FORT MCMURRAY CS,56.65,-111.21,1016.0
49490,FORT MCMURRAY A,56.65,-111.22,864.0
26870,HENDRICKSON CREEK,53.8,-118.45,490.0
32274,HIGH PRAIRIE AGDM,55.4,-116.48,896.0
53358,ISLAND LAKE SOUTH,54.82,-113.54,912.0
30726,LAC LA BICHE CLIMATE,54.77,-112.02,956.0
10978,MILDRED LAKE,57.04,-111.56,1077.0
31413,RICH LAKE AGDM,54.5,-111.7,824.0
49369,SLAVE LAKE,55.29,-114.78,669.0
50777,SLAVE LAKE RCS,55.29,-114.78,831.0
47108,TAWATINAW AGCM,54.3,-113.52,826.0
51444,WHITECOURT A,54.14,-115.79,283.0
10930,WILLOW CREEK 1,53.39,-118.35,630.0
30669,BEAVERLODGE RCS,55.2,-119.4,781.0
47067,BROWNVALE AGCM,56.12,-117.89,685.0
47071,EAGLESHAM AGCM,55.81,-117.89,923.0
31027,EGG ISLAND,58.98,-110.44,513.0
31469,FAIRVIEW AGDM,56.08,-118.44,469.0
48975,FORT CHIPEWYAN,58.77,-111.12,830.0
50757,FORT CHIPEWYAN RCS,58.77,-111.12,904.0
30495,FORT VERMILION,58.38,-116.04,686.0
51422,GRANDE PRAIRIE A,55.18,-118.88,905.0
47075,HAWK HILLS AGCM,57.26,-117.3,955.0
49928,HIGH LEVEL,58.62,-117.16,706.0
2726,HIGH LEVEL A,58.62,-117.16,925.0
47077,JEAN COTE AGCM,55.91,-117.12,878.0
47147,LA CRETE AGCM,58.17,-116.34,1005.0
2750,MANNING,56.95,-117.64,326.0
32394,MANNING AGDM,56.97,-117.45,742.0
32255,CLEARDALE AGDM,56.31,-119.75,736.0
31468,PEORIA AGDM,55.62,-118.29,710.0
10183,RED EARTH,56.55,-115.28,894.0
47090,RYCROFT AGCM,55.78,-118.67,732.0
47107,SAVANNA AGCM,56.08,-119.34,652.0
2793,SIMONETTE,54.42,-117.74,482.0
29633,SPIRIT RIVER AUTO STATION,55.69,-119.23,588.0
47109,TEEPEE CREEK AGCM,55.35,-118.41,692.0
32460,VALLEYVIEW AGDM,55.1,-117.2,712.0
10932,GARDEN RIVER,58.71,-113.87,1056.0
2832,COLD LAKE A,54.42,-110.28,1028.0
47070,DUPRE AGCM,54.37,-110.87,974.0
44543,BRATT'S LAKE CLIMATE,50.2,-104.71,1196.0
2855,BROADVIEW,50.37,-102.57,1098.0
2859,BUFFALO POUND LAKE,50.55,-105.38,1228.0
2875,CUPAR,50.85,-104.27,1101.0
2890,DUVAL,51.18,-104.87,338.0
53520,ESTEVAN A,49.21,-102.97,1261.0
49728,ESTEVAN,49.22,-102.97,1264.0
2925,INDIAN HEAD CDA,50.55,-103.65,1109.0
2930,KELLIHER,51.26,-103.75,1102.0
2933,KIPLING,50.2,-102.73,1103.0
2941,LANGENBURG,50.9,-101.72,1042.0
2942,LAST MOUNTAIN CS,51.42,-105.25,1107.0
2947,LEROY,52.0,-104.63,1073.0
2951,LIPTON 2,51.15,-103.89,800.0
27476,MOOSE JAW CS,50.33,-105.54,1194.0
2973,MUENSTER,52.33,-105.0,865.0
2981,OXBOW,49.32,-102.12,1069.0
2992,QU'APPELLE 1,50.57,-103.98,1185.0
28011,REGINA RCS,50.43,-104.67,1199.0
10785,WATROUS EAST,51.67,-105.4,1092.0
3060,YELLOW GRASS,49.82,-104.18,1410.0
49808,YORKTON,51.26,-102.46,1063.0
48977,YORKTON,51.26,-102.46,902.0
10660,WYNYARD (AUT),51.77,-104.2,1020.0
10666,WEYBURN,49.7,-103.8,1272.0
10805,ASSINIBOIA AIRPORT,49.73,-105.95,1195.0
3071,BEECHY,50.83,-107.31,1243.0
3088,ELBOW CS,51.13,-106.58,1109.0
3091,ELBOW 2 NE,51.17,-106.55,240.0
10724,LUCKY LAKE,50.95,-107.15,1143.0
10667,MAPLE CREEK,49.9,-109.47,1261.0
3142,ROCK POINT,51.15,-107.26,1154.0
3151,STEWART VALLEY,50.6,-107.8,509.0
48976,SWIFT CURRENT,50.29,-107.69,901.0
3157,SWIFT CURRENT CDA,50.27,-107.73,1090.0
10795,LEADER AIRPORT,50.91,-109.5,1215.0
3173,CORONACH,49.12,-105.52,374.0
3172,CORONACH SPC,49.05,-105.48,1237.0
10888,CYPRESS HILLS PARK,49.64,-109.51,849.0
7485,EASTEND CYPRESS (AUT),49.44,-108.99,1037.0
3186,MANKOTA,49.1,-107.02,1174.0
3193,ROCKGLEN (AUT),49.17,-105.98,1133.0
3195,TREELON,49.0,-108.38,382.0
10821,VAL MARIE SOUTHEAST,49.06,-107.59,1252.0
3210,BICKLEIGH,51.29,-108.41,949.0
3212,BUTTE ST PIERRE,53.45,-109.2,1027.0
51739,KINDERSLEY A,51.52,-109.18,1075.0
44344,NORTH BATTLEFORD RCS,52.77,-108.26,1068.0
48609,NORTH BATTLEFORD,52.77,-108.24,694.0
10784,ROSETOWN EAST,51.57,-107.92,1116.0
3259,SCOTT CDA,52.36,-108.83,990.0
3261,SONNINGDALE,52.32,-107.77,790.0
51798,WASECA RCS,53.13,-109.41,1024.0
10727,MELFORT,52.82,-104.6,1013.0
3318,OUTLOOK PFRA,51.48,-107.05,1104.0
50977,PILGER,52.42,-105.15,999.0
47707,SASKATOON RCS,52.17,-106.72,1158.0
3333,SASKATOON SRC,52.15,-106.6,744.0
7534,BUFFALO NARROWS (AUT),55.84,-108.42,968.0
3359,CIGAR LAKE,58.08,-104.48,628.0
10663,COLLINS BAY,58.19,-103.71,558.0
6873,COLLINS BAY CAMECO,58.18,-103.7,641.0
42883,ISLAND FALLS (AUT),55.53,-102.35,827.0
30724,JIMMY LAKE AWOS,54.91,-109.96,856.0
49448,KEY LAKE,57.25,-105.6,713.0
3377,KEY LAKE,57.25,-105.62,731.0
48872,KEY LAKE,57.26,-105.62,581.0
29371,LA RONGE RCS,55.15,-105.27,898.0
51425,LA RONGE A,55.15,-105.27,938.0
48148,LOON LAKE RCS,54.02,-109.14,969.0
52000,MEADOW LAKE A,54.13,-108.05,331.0
10242,SOUTHEND,56.33,-103.28,758.0
10850,SPIRITWOOD WEST,53.37,-107.55,958.0
48548,STONY RAPIDS,59.25,-105.84,531.0
10688,WASKESIU LAKE,53.92,-106.07,964.0
10198,MEADOW LAKE,54.13,-108.52,989.0
9831,URANIUM CITY (AUT),59.57,-108.48,681.0
48608,NIPAWIN,53.33,-104.01,808.0
10195,NIPAWIN,53.33,-104.0,982.0
46367,HUDSON BAY(AUT),52.82,-102.32,1007.0
3449,PELLY 2,51.73,-101.9,1085.0
3463,BALDUR,49.28,-99.29,1061.0
50821,BRANDON A,49.91,-99.95,1164.0
49909,BRANDON RCS,49.9,-99.95,1152.0
27741,CARBERRY CS,49.91,-99.36,1172.0
48128,CYPRESS RIVER RCS,49.56,-99.07,1201.0
3460,ELKHORN 2 EAST,49.93,-101.2,1139.0
10884,PORTAGE SOUTHPORT,49.9,-98.28,1253.0
27119,ROBLIN,51.18,-101.36,963.0
3535,ST ALPHONSE,49.45,-99.02,316.0
10927,SHOAL LAKE CS,50.45,-100.6,931.0
47367,VIRDEN WATER,49.84,-100.93,883.0
3562,WASAGAMING,50.66,-99.94,928.0
10185,MELITA,49.28,-100.99,1291.0
29886,DEERWOOD RCS,49.4,-98.32,1114.0
48068,EMERSON AUTO,49.0,-97.24,1301.0
3605,GRETNA (AUT),49.03,-97.56,1309.0
50897,KLEEFELD (MAFRI),49.52,-96.9,1222.0
3619,MARQUETTE,50.01,-97.81,1201.0
3623,MIAMI THIESSEN,49.45,-98.25,347.0
29593,MORDEN CDA CS,49.19,-98.08,1339.0
3649,PILOT MOUND (AUT),49.19,-98.9,1047.0
10196,SPRAGUE,49.02,-95.6,1149.0
3678,STONY MOUNTAIN,50.12,-97.17,540.0
28051,WINNIPEG THE FORKS,49.89,-97.13,1373.0
26857,CARMAN U OF M CS,49.5,-98.03,1236.0
27174,WINNIPEG A CS,49.92,-97.25,1248.0
3717,ARBORG,50.93,-97.08,253.0
3721,BERENS RIVER CS,52.36,-97.02,936.0
7333,GEORGE ISLAND (AUT),52.82,-97.62,869.0
8993,FISHER BRANCH (AUT),51.08,-97.55,1086.0
27867,GIMLI HARBOUR CS,50.63,-96.98,1125.0
45007,GIMLI CLIMATE,50.63,-97.05,1115.0
3741,GRAND RAPIDS HYDRO,53.16,-99.28,544.0
43243,GREAT FALLS CLIMATE,50.52,-95.98,1064.0
52858,HODGSON 3,51.21,-97.57,876.0
3746,INDIAN BAY,49.62,-95.2,1126.0
7290,GRAND RAPIDS (AUT),53.19,-99.27,914.0
3755,RENNIE,49.85,-95.53,493.0
9035,VICTORIA BEACH (AUT),50.7,-96.57,1398.0
10186,PINAWA,50.18,-96.06,1129.0
26866,DAUPHIN CS,51.1,-100.06,1120.0
48868,DAUPHIN,51.1,-100.05,960.0
3793,GILBERT PLAINS,51.1,-100.47,294.0
3766,COWAN,52.03,-100.65,689.0
3820,MAFEKING,52.67,-101.1,288.0
3853,MCCREARY,50.71,-99.53,1064.0
10881,OAKPOINT MARINE,50.5,-98.04,1101.0
10188,SWAN RIVER RCS,52.11,-101.23,1080.0
10213,FLIN FLON,54.68,-101.68,942.0
3857,FLIN FLON,54.77,-101.88,943.0
52438,THE PAS A,53.97,-101.09,965.0
43983,THE PAS CLIMATE,53.97,-101.1,922.0
48969,CHURCHILL,58.74,-94.07,271.0
44244,CHURCHILL CLIMATE,58.73,-94.07,331.0
3875,CROSS LAKE JENPEG,54.53,-98.03,596.0
52758,GILLAM A,56.36,-94.71,627.0
53398,ISLAND LAKE A,53.86,-94.65,794.0
29533,KELSEY DAM CS,56.04,-96.51,722.0
48588,LYNN LAKE,56.86,-101.08,543.0
48728,LYNN LAKE RCS,56.85,-101.07,646.0
48951,NORWAY HOUSE,53.96,-97.84,678.0
48972,TADOULE LAKE,58.71,-98.51,406.0
30475,TADOULE LAKE CS,58.72,-98.5,326.0
53118,THOMPSON A,55.8,-97.86,755.0
47567,BROCKVILLE CLIMATE,44.64,-75.75,1442.0
4236,BROCKVILLE PCC,44.6,-75.67,1512.0
4243,CHALK RIVER AECL,46.05,-77.37,1036.0
4255,CORNWALL,45.02,-74.75,1679.0
4268,DRUMMOND CENTRE,45.03,-76.25,1511.0
4287,HARTINGTON IHD,44.43,-76.69,1610.0
27534,KEMPTVILLE CS,45.0,-75.63,1486.0
47267,KINGSTON CLIMATE,44.22,-76.6,1418.0
4308,LYNDHURST SHAWMERE,44.52,-76.08,1482.0
41738,MOOSE CREEK WELLS,45.25,-74.96,1427.0
26773,OMPAH-SEITZ,45.05,-76.78,1474.0
4333,OTTAWA CDA,45.38,-75.72,1554.0
30578,OTTAWA CDA RCS,45.38,-75.72,1504.0
49568,OTTAWA INTL A,45.32,-75.67,1506.0
49068,PEMBROKE CLIMATE,45.86,-77.25,1356.0
47527,PETAWAWA AWOS 2,45.95,-77.32,1218.0
4377,ST. ALBERT,45.29,-75.06,1442.0
6900,PETAWAWA HOFFMAN,45.88,-77.25,1487.0
43540,BALDWIN,44.27,-79.32,1486.0
50048,BARRIE LANDFILL,44.39,-79.74,1103.0
44183,BEATRICE CLIMATE,45.14,-79.4,1210.0
4432,COLDWATER WARMINSTER,44.63,-79.54,1485.0
10955,COLLINGWOOD,44.5,-80.22,1492.0
10911,LAGOON CITY,44.55,-79.22,1409.0
43046,MARKDALE,44.27,-80.71,879.0
4474,MIDLAND WATER POLLUTION CONTROL PLANT,44.76,-79.88,743.0
48368,MUSKOKA,44.97,-79.3,1185.0
6904,ORILLIA BRAIN,44.6,-79.44,1534.0
32128,PARRY SOUND CCG,45.34,-80.04,1410.0
45348,RAVENSCLIFFE,45.35,-79.27,1092.0
4509,SHANTY BAY,44.4,-79.63,1585.0
42183,BARRIE-ORO,44.48,-79.55,1339.0
4525,UDORA,44.26,-79.16,1572.0
53139,WIARTON A,44.74,-81.11,1304.0
7733,WESTERN ISLAND (AUT),45.03,-80.37,1273.0
29516,BORDEN AWOS,44.27,-79.91,1292.0
27604,EGBERT CS,44.23,-79.78,1432.0
9004,COVE ISLAND (AUT),45.33,-81.73,1166.0
7747,GODERICH,43.77,-81.72,1428.0
4575,KINCARDINE,44.17,-81.62,1117.0
48373,SARNIA,43.0,-82.31,1489.0
44323,SARNIA CLIMATE,43.0,-82.3,1666.0
45607,TOBERMORY RCS,45.23,-81.63,1223.0
4607,AMHERSTBURG,42.1,-83.09,1477.0
4619,CHATHAM WPCP,42.39,-82.22,130.0
27528,DELHI CS,42.87,-80.55,1646.0
4635,FORT ERIE,42.88,-78.97,1293.0
44123,GRIMSBY MOUNTAIN,43.18,-79.56,1877.0
30266,HARROW CDA AUTO,42.03,-82.9,1857.0
4647,KINGSVILLE MOE,42.04,-82.67,1332.0
9026,LONG POINT (AUT),42.57,-80.05,1605.0
4656,NEW GLASGOW,42.51,-81.64,1658.0
4671,PORT COLBORNE,42.88,-79.25,1465.0
7790,PORT WELLER (AUT),43.25,-79.22,1777.0
32473,RIDGETOWN RCS,42.45,-81.88,1663.0
4680,RIDGEVILLE,43.04,-79.33,516.0
4689,ST THOMAS WPCP,42.77,-81.21,1358.0
27488,TILLSONBURG NORTH,42.86,-80.74,409.0
31367,VINELAND STATION RCS,43.18,-79.4,1733.0
44283,WELLAND-PELHAM,42.97,-79.33,1727.0
4715,WINDSOR RIVERSIDE,42.33,-82.93,2090.0
52838,WINDSOR A,42.28,-82.96,1921.0
9005,PORT COLBORNE (AUT),42.87,-79.25,1289.0
9006,ERIEAU (AUT),42.25,-81.9,1076.0
27533,POINT PELEE CS,41.95,-82.52,1775.0
53378,BRANTFORD AIRPORT,43.14,-80.33,1656.0
41983,ELORA RCS,43.65,-80.42,1373.0
4760,FERGUS SHAND DAM,43.73,-80.33,1580.0
4761,FERGUS MOE,43.7,-80.38,1468.0
4762,FOLDENS,43.02,-80.78,355.0
45407,GUELPH TURFGRASS,43.55,-80.22,1429.0
48569,KITCHENER/WATERLOO,43.46,-80.38,1523.0
50093,LONDON A,43.03,-81.15,1635.0
10999,LONDON CS,43.03,-81.15,1611.0
7844,MOUNT FOREST (AUT),43.98,-80.75,1367.0
4816,ROSEVILLE,43.35,-80.47,1517.0
4823,STRATFORD WWTP,43.37,-81.0,611.0
27647,STRATHROY-MULLIFARRY,42.98,-81.64,1730.0
4835,WOODSTOCK,43.14,-80.77,832.0
4859,BELLEVILLE,44.15,-77.39,1691.0
31048,BLACKSTOCK,44.1,-78.83,918.0
7868,BURLINGTON PIERS (AUT),43.3,-79.8,1732.0
4898,CENTREVILLE,44.4,-76.91,1568.0
7870,COBOURG (AUT),43.95,-78.17,1385.0
4905,COBOURG STP,43.97,-78.18,768.0
4923,GEORGETOWN WWTP,43.64,-79.88,850.0
49908,HAMILTON A,43.17,-79.94,1637.0
27529,HAMILTON RBG CS,43.29,-79.91,1655.0
45667,OAKVILLE TWN,43.51,-79.69,1867.0
48649,OSHAWA,43.92,-78.88,1357.0
4996,OSHAWA WPCP,43.87,-78.83,1594.0
7925,POINT PETRE (AUT),43.83,-77.15,1439.0
51938,MONO CENTRE,44.03,-80.02,1394.0
31688,TORONTO CITY,43.67,-79.4,1818.0
48549,TORONTO CITY CENTRE,43.63,-79.4,1449.0
53678,TORONTO BUTTONVILLE A,43.86,-79.37,1697.0
51459,TORONTO INTL A,43.68,-79.63,1831.0
5126,TRENTON A,44.12,-77.53,1610.0
50637,UXBRIDGE WEST,44.1,-79.16,1209.0
4838,MOUNTAINVIEW,44.05,-77.3,1707.0
26953,TORONTO NORTH YORK,43.78,-79.47,1783.0
43923,COE HILL,44.92,-77.88,1242.0
5170,HALIBURTON 3,45.03,-78.53,1404.0
48952,PETERBOROUGH,44.23,-78.36,1367.0
43763,PETERBOROUGH TRENT U,44.35,-78.3,1467.0
26799,BANCROFT AUTO,45.07,-77.88,1277.0
5217,COTEAU DU LAC,45.32,-74.17,1083.0
5220,DESCHAMBAULT,46.67,-71.92,282.0
27325,DESCHAMBAULT,46.69,-71.97,1182.0
5225,HEROUXVILLE,46.67,-72.6,541.0
5237,L'ASSOMPTION,45.81,-73.43,1400.0
5239,LES CEDRES,45.3,-74.05,1050.0
5243,LOUISEVILLE,46.27,-73.02,528.0
5248,OKA,45.5,-74.07,889.0
10871,L'ETAPE,47.56,-71.23,659.0
5252,RIGAUD,45.5,-74.37,997.0
5254,RIVIERE VERTE OUEST,46.98,-71.83,738.0
5255,ST ALBAN,46.72,-72.08,977.0
5256,ST ALEXIS DES MONTS,46.53,-73.15,468.0
5257,STE ANNE DE LA PERADE,46.58,-72.23,1075.0
5259,STE BEATRIX,46.2,-73.6,325.0
5262,ST CHARLES DE MANDEVILLE,46.35,-73.35,811.0
5266,STE CHRISTINE,46.82,-71.92,717.0
5268,ST COME,46.28,-73.75,845.0
5274,ST JACQUES,45.95,-73.58,828.0
5281,ST NARCISSE,46.53,-72.43,1049.0
27646,SHAWINIGAN,46.56,-72.73,937.0
10764,TROIS-RIVIERES,46.35,-72.52,1292.0
8321,TROIS-RIVIERES,46.37,-72.68,1242.0
29452,VALCARTIER A,46.9,-71.5,1086.0
5203,LAC AUX SABLES,46.87,-72.4,697.0
10975,LAC SAINT-PIERRE,46.18,-72.92,1254.0
27377,STE-FOY (U. LAVAL),46.78,-71.29,1222.0
29714,LEMIEUX,46.3,-72.06,1221.0
26892,QUEBEC/JEAN LESAGE INTL,46.8,-71.38,1119.0
5310,ARTHABASKA,46.02,-71.95,1274.0
5315,BEAUSEJOUR,46.67,-71.17,975.0
5322,BONSECOURS,45.4,-72.27,756.0
5327,BROMPTONVILLE,45.48,-71.95,820.0
5339,COATICOOK,45.15,-71.8,1084.0
5345,DANVILLE,45.82,-71.98,1022.0
5348,DRUMMONDVILLE,45.88,-72.48,1227.0
5361,FLEURY,45.8,-73.0,131.0
5362,FORTIERVILLE,46.48,-72.05,1022.0
10815,FRELIGHSBURG,45.03,-72.85,1388.0
5368,GEORGEVILLE,45.13,-72.23,601.0
5369,GRANBY,45.38,-72.72,845.0
5373,HEMMINGFORD FOUR WINDS,45.07,-73.72,1328.0
26856,VARENNES,45.72,-73.38,1391.0
5385,LAC MEGANTIC 2,45.6,-70.87,739.0
5389,LAPRAIRIE,45.38,-73.43,614.0
5392,LAURIERVILLE,46.33,-71.67,677.0
5393,LAUZON,46.82,-71.1,777.0
5397,LENNOXVILLE,45.37,-71.82,1300.0
5398,LINGWICK,45.63,-71.37,1070.0
5401,MAGOG,45.27,-72.12,1100.0
5406,MARIEVILLE,45.4,-73.13,1138.0
10761,MCTAVISH,45.5,-73.58,1639.0
5415,MONTREAL/PIERRE ELLIOTT TRUDEAU INTL A,45.47,-73.75,369.0
51157,MONTREAL INTL A,45.47,-73.74,1584.0
5426,NICOLET,46.2,-72.62,1160.0
10732,NICOLET,46.23,-72.66,1276.0
5428,NOTRE DAME DES BOIS,45.4,-71.08,292.0
5429,ORMSTOWN,45.12,-74.05,1436.0
5432,PIERREVILLE,46.08,-72.83,1166.0
5440,RICHMOND,45.63,-72.13,1149.0
5441,RIVIERE DES PRAIRIES,45.7,-73.5,1373.0
5444,SABREVOIS,45.22,-73.2,1242.0
5448,ST ANICET,45.13,-74.35,1454.0
5452,ST BERNARD DE LACOLLE,45.08,-73.38,1283.0
10762,STE-CLOTHILDE,45.17,-73.68,1443.0
5457,ST COME DE LINIERE,46.05,-70.52,854.0
5462,ST EPHREM,46.07,-70.97,813.0
5464,ST FLAVIEN,46.48,-71.57,899.0
5485,ST GEORGES,46.15,-70.7,1082.0
48374,MONTREAL/ST-HUBERT,45.52,-73.42,1299.0
5492,ST HYACINTHE 2,45.57,-72.92,1179.0
47587,SAINT-GERMAIN-DE-GRANTHAM,45.83,-72.54,1289.0
5500,ST LUDGER,45.75,-70.68,1096.0
5501,STE MADELEINE,45.62,-73.13,682.0
5502,ST MALO D AUCKLAND,45.2,-71.5,1026.0
5503,STE MARTINE,45.22,-73.85,802.0
5506,ST NAZAIRE,45.73,-72.62,943.0
5509,ST PIERRE DE BROUGHTON,46.25,-71.22,705.0
5510,ST PROSPER,46.22,-70.5,796.0
5514,ST SEBASTIEN,45.77,-70.95,862.0
5516,ST SEVERIN,46.33,-71.05,411.0
5519,ST THEOPHILE,45.93,-70.48,384.0
5522,ST WENCESLAS,46.17,-72.33,644.0
5526,SAWYERVILLE NORD,45.37,-71.53,188.0
5527,SCOTT,46.5,-71.08,924.0
48371,SHERBROOKE,45.44,-71.69,1030.0
5532,SOREL,46.03,-73.12,1536.0
5538,SUTTON,45.07,-72.68,1312.0
5542,THETFORD MINES,46.1,-71.35,640.0
45309,THETFORD MINES RCS,46.05,-71.27,1018.0
5545,VALLEE JONCTION,46.38,-70.93,534.0
5564,VERCHERES,45.77,-73.37,1167.0
26777,BEAUCEVILLE,46.21,-70.79,1133.0
10873,STE-ANNE-DE-BELLEVUE 1,45.43,-73.93,1487.0
10982,ST-ANICET 1,45.12,-74.29,1564.0
5300,ST CAMILLE WOLFE,45.67,-71.73,874.0
10843,L'ACADIE,45.29,-73.35,1426.0
30165,MONTREAL/PIERRE ELLIOTT TRUDEAU INTL,45.47,-73.74,1582.0
5574,ANGERS,45.55,-75.55,1040.0
5575,ARUNDEL,45.95,-74.62,426.0
5584,CHARTERIS,45.68,-76.43,1090.0
5585,CHELSEA,45.52,-75.78,703.0
5586,CHENEVILLE,45.9,-75.08,745.0
27717,HIGH FALLS,45.84,-75.65,1247.0
5594,LACHUTE,45.65,-74.33,1419.0
5599,LA MACAZA,46.37,-74.77,1006.0
5604,LUSKVILLE,45.53,-76.05,1222.0
5606,MANIWAKI AIRPORT,46.27,-75.99,1235.0
5619,NOTRE DAME DE LA PAIX,45.8,-74.98,239.0
5627,STE ANNE DU LAC,46.85,-75.33,795.0
5630,ST HIPPOLYTE,45.98,-74.0,930.0
5631,ST JEROME,45.8,-74.05,608.0
5642,WRIGHT,46.07,-76.05,1285.0
10868,ST-JOVITE,46.08,-74.56,1203.0
30173,BAIE-COMEAU A,49.13,-68.2,698.0
48968,BAIE-COMEAU,49.13,-68.2,493.0
53140,LOURDES DE BLANC SABLON A,51.44,-57.19,309.0
10963,CAP-ROUGE,48.37,-70.54,962.0
27442,CHARLEVOIX (MRC),47.28,-70.64,678.0
5674,CHATEAU RICHER,46.97,-71.03,1096.0
8456,CHEVERY,50.47,-59.64,387.0
10869,CAP-TOURMENTE,47.08,-70.78,1157.0
32413,FORET MONTMORENCY RCS,47.32,-71.15,745.0
48970,HAVRE ST. PIERRE,50.28,-63.61,435.0
10937,ILE AUX PERROQUETS,50.22,-64.21,261.0
8674,ILE ROUGE,48.07,-69.56,424.0
10977,LONGUE-POINTE-DE-MINGAN,50.27,-64.23,497.0
48971,NATASHQUAN,50.19,-61.79,539.0
30168,NATASHQUAN A,50.19,-61.81,564.0
10966,POINTE DE L'ISLET,48.14,-69.72,653.0
10964,POINTE CLAVEAU,48.26,-70.11,202.0
5738,STE ROSE DU NORD,48.4,-70.53,782.0
42683,SEPT-ILES,50.22,-66.25,599.0
8404,LAC EON,51.87,-63.28,350.0
9029,POINTE-DES-MONTS,49.32,-67.38,388.0
5650,RIVIERE AU TONNERRE,50.28,-64.78,495.0
27326,POINTE NOIRE CS,50.16,-66.43,681.0
26889,BAIE-COMEAU,49.26,-68.15,714.0
26887,AMQUI,48.47,-67.43,932.0
9001,CAP-D'ESPOIR,48.42,-64.32,580.0
5779,CAP DES ROSIERS,48.85,-64.2,585.0
8999,CAP-MADELEINE,49.25,-65.32,736.0
5785,CAUSAPSCAL,48.37,-67.23,540.0
51297,GASPE A,48.78,-64.48,882.0
5803,LAC HUMQUI,48.28,-67.57,676.0
10763,ILES DE LA MADELEINE,47.43,-61.77,786.0
26893,LA POCATIERE,47.36,-70.03,1094.0
50841,MONT JOLI A,48.61,-68.21,920.0
54118,MONT-JOLI,48.6,-68.19,925.0
10898,NEW CARLISLE 1,48.01,-65.33,871.0
27194,POINTE-AU-PERE (INRS),48.51,-68.47,665.0
8536,PORT-MENIER,49.84,-64.29,652.0
5836,RIMOUSKI,48.45,-68.52,917.0
8539,RIVIERE-DU-LOUP,47.81,-69.55,944.0
5846,ST CAMILLE,46.48,-70.22,966.0
5857,ST JEAN DE CHERBOURG,48.88,-67.12,210.0
5858,STE LUCIE,46.73,-70.02,735.0
5861,SAINT MICHEL,46.87,-70.88,963.0
10938,ILE BICQUETTE,48.42,-68.89,450.0
27195,CAP-CHAT,49.11,-66.65,656.0
5889,BAGOTVILLE A,48.33,-71.0,1098.0
10874,BONNARD 1,50.73,-71.01,418.0
26797,CHAMOUCHOUANE,49.28,-73.36,822.0
5903,CHUTE-DES-PASSES,49.84,-71.17,268.0
5911,JONQUIERE,48.43,-71.14,1048.0
5918,LAC STE CROIX,48.42,-71.75,473.0
30722,LATERRIERE,48.31,-71.13,979.0
10797,MISTOOK,48.6,-71.72,894.0
10872,NORMANDIN,48.84,-72.55,971.0
27294,ONATCHIWAY,48.89,-71.03,813.0
5929,PERIBONCA,48.77,-72.03,768.0
52080,ROBERVAL A,48.52,-72.27,1013.0
5936,ST AMBROISE,48.57,-71.33,985.0
5940,ST PRIME,48.62,-72.42,837.0
26778,LAC BENOIT,51.53,-71.11,580.0
26798,MANOUANE EST,50.66,-70.53,593.0
27315,LA BAIE,48.3,-70.92,978.0
5966,PARENT,47.92,-74.62,915.0
48188,SAINT-MICHEL-DES-SAINTS,46.82,-74.09,750.0
10875,LA TUQUE,47.41,-72.79,1133.0
5977,BARRAGE TEMISCAMINGUE,46.71,-79.1,1236.0
5988,MONT BRUN,48.42,-78.73,739.0
10849,ROUYN,48.25,-79.03,1036.0
27443,CHAPAIS,49.82,-74.98,868.0
6029,CHIBOUGAMAU CHAPAIS A,49.77,-74.53,644.0
49648,LA GRANDE 4 A,53.75,-73.68,487.0
50822,LA GRANDE RIVIERE A,53.63,-77.7,579.0
44204,LA GRANDE IV,53.76,-73.68,621.0
49491,MATAGAMI A,49.76,-77.8,653.0
10791,MATAGAMI,49.76,-77.79,919.0
30172,VAL-D'OR,48.06,-77.79,1027.0
49390,VAL D'OR A,48.05,-77.78,845.0
6005,LAC BERRY,48.8,-78.28,720.0
53978,KUUJJUARAPIK,55.37,-77.57,292.0
52378,SALLUIT,62.18,-75.67,154.0
49649,SCHEFFERVILLE A,54.81,-66.81,336.0
30164,SCHEFFERVILLE,54.8,-66.8,393.0
6109,AROOSTOOK,46.71,-67.72,265.0
6915,BAS CARAQUET,47.8,-64.83,974.0
51418,BATHURST A,47.63,-65.74,1078.0
6918,BUCTOUCHE CDA CS,46.43,-64.77,1116.0
42103,CHARLO AUTO,47.99,-66.33,959.0
10808,MIRAMICHI RCS,47.01,-65.47,1164.0
51537,DOAKTOWN AUTO RCS,46.59,-66.01,1161.0
43323,EDMUNDSTON,47.42,-68.32,1051.0
48568,FREDERICTON,45.87,-66.54,1225.0
30309,FREDERICTON CDA CS,45.92,-66.61,1209.0
6919,FUNDY PARK (ALMA) CS,45.6,-64.95,996.0
29493,GAGETOWN AWOS A,45.84,-66.45,1185.0
30598,GRAND MANAN SAR CS,44.71,-66.8,1003.0
6181,JUNIPER,46.55,-67.17,1245.0
26968,KOUCHIBOUGUAC CS,46.78,-65.02,1245.0
6194,MACTAQUAC PROV PARK,45.95,-66.9,1146.0
45090,MECHANIC SETTLEMENT,45.69,-65.17,926.0
6205,MISCOU ISLAND (AUT),48.01,-64.49,851.0
50309,MONCTON INTL A,46.11,-64.68,1183.0
49868,OAK POINT,45.51,-66.1,1188.0
27746,POINT LEPREAU CS,45.07,-66.45,864.0
48768,RED PINES,47.44,-65.6,1019.0
50310,SAINT JOHN A,45.32,-65.89,1021.0
43383,ST. STEPHEN,45.21,-67.25,1265.0
54078,SUSSEX FOUR CORNERS,45.74,-65.53,1170.0
6286,WOODSTOCK,46.17,-67.55,1195.0
53238,WOODSTOCK NEWBRIDGE,46.15,-67.54,1117.0
26823,ST LEONARD CS,47.16,-67.83,656.0
46007,BACCARO PT,43.45,-65.47,696.0
10078,BEAVER ISLAND (AUT),44.82,-62.33,774.0
10859,BRIER ISLAND,44.29,-66.35,785.0
8990,CARIBOU POINT (AUT),45.77,-62.68,1117.0
27600,CHETICAMP CS,46.65,-60.95,1020.0
53538,COLLEGEVILLE AUTO,45.49,-62.01,1028.0
42243,DEBERT,45.42,-63.47,1120.0
49748,ESKASONI FIRST NATION AUTOMATIC WEATHER STATION,45.92,-60.65,997.0
6354,GREENWOOD A,44.98,-64.92,1375.0
50620,HALIFAX INTL A,44.88,-63.51,1144.0
7173,HART ISLAND (AUT),45.35,-60.98,905.0
30326,INGONISH BEACH RCS,46.66,-60.41,968.0
6923,KEJIMKUJIK 1,44.4,-65.2,1287.0
27141,KENTVILLE CDA CS,45.07,-64.48,1277.0
27742,LAKE MAJOR,44.72,-63.48,857.0
6393,LYONS BROOK,45.66,-62.8,773.0
42083,NAPPAN AUTO,45.76,-64.24,1128.0
44363,UPPER STEWIACKE RCS,45.23,-63.06,1171.0
43183,PARRSBORO,45.41,-64.35,1021.0
6435,POCKWOCK LAKE,44.77,-63.83,661.0
48668,PORT HAWKESBURY,45.66,-61.37,681.0
6454,SABLE ISLAND,43.93,-60.01,861.0
52202,SABLE ISLAND A,43.95,-59.96,552.0
6456,ST MARGARET'S BAY,44.7,-63.9,1150.0
9033,ST PAUL ISLAND (AUT),47.23,-60.14,596.0
47187,SHEARWATER RCS,44.63,-63.51,1106.0
52518,SYDNEY A,46.16,-60.05,979.0
44503,SYDNEY CS,46.16,-60.04,913.0
6927,TATAMAGOUCHE,45.68,-63.23,1184.0
41575,TRACADIE,45.61,-61.68,1072.0
6497,WATERVILLE CAMBRIDGE,45.05,-64.65,1379.0
6501,WESTERN HEAD,43.99,-64.66,1014.0
50408,YARMOUTH RCS,43.83,-66.09,1055.0
50133,YARMOUTH A,43.83,-66.09,1030.0
6520,ALLISTON,46.07,-62.6,154.0
50621,CHARLOTTETOWN A,46.29,-63.12,1066.0
7177,EAST POINT (AUT),46.46,-61.99,865.0
6537,NEW GLASGOW,46.41,-63.35,1084.0
10814,NORTH CAPE,47.06,-64.0,816.0
41903,ST. PETERS,46.45,-62.58,1032.0
10800,SUMMERSIDE,46.44,-63.84,1075.0
30308,HARRINGTON CDA CS,46.34,-63.17,1036.0
10113,ARGENTIA (AUT),47.29,-53.99,605.0
6561,BADGER (AUT),48.97,-56.07,794.0
6567,BAY D'ESPOIR GEN STN,47.98,-55.8,414.0
45047,BONAVISTA,48.67,-53.11,637.0
6578,BRANCH,46.88,-53.97,522.0
45287,BURGEO NL,47.62,-57.62,527.0
6586,BURNT POND,48.17,-57.33,276.0
6590,CAPE RACE (AUT),46.66,-53.08,585.0
50677,CORMACK RCS,49.32,-57.39,670.0
6933,CORNER BROOK,48.93,-57.92,806.0
6610,CORNER BROOK,48.95,-57.95,870.0
6612,COW HEAD,49.91,-57.79,574.0
6613,DANIELS HARBOUR,50.24,-57.58,530.0
6614,DEER LAKE,49.17,-57.43,288.0
50068,DEER LAKE A,49.21,-57.39,795.0
10251,ENGLEE (AUT),50.72,-56.11,472.0
9034,FEROLLE POINT (AUT),51.02,-57.1,337.0
50088,GANDER INTL A,48.94,-54.57,670.0
30346,GANDER AIRPORT CS,48.95,-54.57,761.0
6649,HARBOUR BRETON,47.47,-55.83,508.0
6668,LA SCIE,49.92,-55.67,551.0
6669,LETHBRIDGE,48.35,-53.9,128.0
6677,MIDDLE ARM,49.68,-56.08,688.0
50678,MILLERTOWN RCS,48.82,-56.54,757.0
6689,POINT LEAMINGTON,49.33,-55.4,917.0
6693,PORT AUX BASQUES,47.57,-59.15,426.0
8991,SAGONA ISLAND,47.37,-55.79,406.0
48348,ST. ANTHONY,51.39,-56.07,329.0
27205,ST ANTHONY,51.38,-56.1,351.0
50089,ST. JOHN'S INTL A,47.62,-52.75,749.0
48871,ST JOHNS WEST CLIMATE,47.51,-52.78,777.0
45567,ST LAWRENCE,46.92,-55.38,625.0
6734,SOPS ARM WHITE BAY,49.77,-56.88,782.0
52759,STEPHENVILLE A,48.54,-58.55,690.0
47607,STEPHENVILLE RCS,48.56,-58.57,679.0
27142,TERRA NOVA NAT PARK CS,48.56,-53.97,795.0
7083,TWILLINGATE (AUT),49.68,-54.8,597.0
27712,WINTERLAND,47.14,-55.33,723.0
45307,WRECKHOUSE,47.71,-59.31,742.0
10818,GRATES COVE,48.17,-52.94,629.0
10817,POOLS ISLAND,49.11,-53.58,549.0
10909,MARTICOT ISLAND,47.33,-54.59,207.0
53578,CARTWRIGHT A,53.68,-57.04,373.0
49629,CHURCHILL FALLS A,53.56,-64.11,279.0
6777,GOOSE A,53.32,-60.42,596.0
51918,MARY'S HARBOUR A,52.3,-55.85,359.0
10813,NAIN,56.55,-61.68,240.0
10837,TUKIALIK BAY,54.72,-58.36,141.0
52541,WABUSH A,52.92,-66.86,290.0
